{"epoch":499,"beats_baseline":true,"grad/blocks.1":0.11923407566933895,"grad/proj_head":0.4367319174325034,"eval/mAP_baseline":0.36,"grad/pos_embed":0.013902195124328772,"grad/blocks.3":0.0864680896146249,"_runtime":5304.486810258,"train/lr":5.244749650301652e-09,"grad/cls_token":0.012608763830551253,"grad/global":0.5352625713264253,"triplet/gap":-0.14597851037979126,"grad/blocks.0":0.13074600831769323,"triplet/d_pos":1.381276285648346,"grad/blocks.5":0.07831866129740711,"train/loss":-0.6911580383777618,"triplet/collapse":0,"triplet/d_neg":1.2352977752685548,"grad/blocks.4":0.08003179208351574,"_timestamp":1.778756117957559e+09,"_step":499,"eval/rank1":0.44999998807907104,"grad/blocks.2":0.09776355493273511,"eval/mAP":0.35250672698020935,"_wandb":{"runtime":5304},"best_mAP":0.3600199222564697,"grad/patch_embed":0.18460436056276527,"train/active_pct":99.15625065565109,"grad/norm":0.021344871219356677}