{"triplet/d_pos":1.4296199072684561,"grad/global":1.3862504670346083,"triplet/d_neg":1.2400759724634034,"grad/blocks.3":0.3318848632015303,"grad/blocks.1":0.3841932743274379,"grad/cls_token":0.04386540406305246,"grad/blocks.4":0.31223535545529807,"eval/mAP":0.015072752721607685,"train/lr":1.2179748700879012e-07,"epoch":49,"grad/patch_embed":0.5424352870842291,"triplet/gap":-0.18954393480505263,"eval/mAP_baseline":0.36,"best_mAP":0.015653906390070915,"grad/blocks.2":0.3551427911283701,"grad/norm":0.028047929947513452,"_step":49,"train/active_pct":99.84654017857143,"triplet/collapse":0,"_wandb":{"runtime":1567},"_timestamp":1.7786982892270694e+09,"_runtime":1567.174431876,"beats_baseline":false,"grad/pos_embed":0.049418245108379506,"eval/rank1":0.02500000037252903,"grad/blocks.5":0.34335878094023065,"train/loss":-0.1076604098613773,"grad/proj_head":0.9182892259620689,"grad/blocks.0":0.42400658599568186}