{"_wandb":{"runtime":2218},"train/loss":-0.8709184527397156,"grad/pos_embed":0.0373608856161007,"best_mAP":0.2356676608324051,"triplet/d_neg":1.2284406328201294,"_timestamp":1.7787499208380382e+09,"train/lr":2.0504251129649378e-08,"eval/mAP":0.23343220353126526,"epoch":199,"triplet/d_pos":1.4427892923355103,"grad/blocks.5":0.13986942906202773,"grad/global":0.7993978041361735,"grad/blocks.4":0.1562381726009472,"grad/blocks.2":0.1586959408829443,"grad/blocks.3":0.15886512537757494,"eval/mAP_baseline":0.36,"grad/cls_token":0.03573252483466725,"grad/blocks.1":0.18145499883609623,"eval/rank1":0.22499999403953552,"grad/patch_embed":0.2825509038272826,"train/active_pct":99.75,"_runtime":2218.415708056,"triplet/collapse":0,"grad/norm":0.022246137046273953,"grad/blocks.0":0.20311932985888057,"grad/proj_head":0.6224584837905701,"beats_baseline":false,"_step":199,"triplet/gap":-0.21434865951538085}