{"_step":1999,"epoch":1999,"grad/cls_token":0.008273614049944571,"grad/pos_embed":0.00910042146127219,"grad/global":0.3306816421374995,"grad/blocks.1":0.09569576140959657,"eval/mAP_baseline":0.36,"triplet/collapse":0,"grad/blocks.4":0.0987200872071618,"grad/proj_head":0.1825118273720471,"eval/rank1":0.7749999761581421,"grad/patch_embed":0.14378542887750206,"grad/blocks.2":0.09931736461183667,"triplet/gap":0.25912652611732484,"train/loss":-0.15684788897633553,"eval/mAP":0.6646157503128052,"beats_baseline":true,"_timestamp":1.7787796278180838e+09,"grad/norm":0.011645430438666525,"_runtime":20391.300290671,"train/lr":3.4174522689500726e-10,"_wandb":{"runtime":20391},"triplet/d_neg":1.2263952970504761,"train/active_pct":18.375000283122063,"triplet/d_pos":0.9672687709331512,"grad/blocks.5":0.08615889710677971,"best_mAP":0.7121806144714355,"grad/blocks.0":0.08966728627244305,"grad/blocks.3":0.10415274497941304}